卦別爻號,卦別,卦圖,卦爻辭,象辭,彖辭,卦爻辭解讀-傅佩榮
乾,乾為天,䷀,乾：元，亨，利，貞。,象曰：天行健，君子以自強不息。,彖曰：大哉乾元，萬物資始，乃統天。雲行雨施，品物流形。大明始終，六位時成，時乘六龍以御天。乾道變化，各正性命，保合大和，乃利貞。首出庶物，萬國咸寧。,"【白話】
乾卦。創始、通達、合宜、正固。
【解讀】
•《易經》有六十四卦，每一卦都是先畫出卦圖，再標出卦名。卦
圖由六爻組成，爻有陰陽之分。所謂六爻，其實是
由兩個單卦（各有三爻）所合成。本卦稱 乾卦（下乾上乾），六
爻皆陽，陽有剛健之意，象徵原始的生命力，充滿動態的能量。

• 乾卦在六十四卦中，是八純卦之一。所謂純卦，是指上下皆為
同一個單卦所組成者。依序出現的有：乾卦（第一卦），
坤卦（第二卦），習坎卦（第二十九卦），離卦（第三十卦），
震卦（第五十一卦），艮卦（第五十二卦），巽卦（第五十七卦），
兌卦（第五十八卦）。

•《易經》有《序卦》，說明六十四卦的排列順序，可供我們理
解各卦之參考。譬如，《序卦》開頭就說：“有天地，然後萬物
生焉。”意思是以乾卦為天，並以坤卦為地。有天地才能化生萬
物。乾代表陽剛勁健的主動力，坤則是承受力，兩者相摩相蕩
而變化生出萬物。

“元享利貞”是本卦的卦辭，附在卦名之後，是對本卦所作
的基本判斷。“元”，原也，萬物由此創始；“享”，通也，萬
物有其共同來源，並且形成一個整體，所以彼此之間通順暢
達；“利”，宜也，萬物變遷執行，對一切都有利而和譜，“貞”，
正也，由此所展現的萬物，可以堅持自身的途徑，進而恆久
不息。"
乾初,乾,,初九：潛龍，勿用。,象曰：潛龍勿用，陽在下也。,,"【白話】
初九。龍潛伏著，不要有所作為。
【解讀】
“初九”是本爻的序位。六爻由下而上的序位依序是初、二、
三、四、五、上。“九”指陽爻，而“六”指陰爻。陽為奇數，
又以動為主，所以取奇數（一、三、五、七、九）之終，表示
動之極。陰為偶數，且以靜為主，所以取偶數（二、四、六、八、
十）之中，表示靜之極。另一說法，則以揲蓍成卦時，得六、七、
八、九四個數字，其中九為老陽（九大於七，七為少陽），六為
老陰（陰數如負數，所以，八為少陰）。《易經》用老不用少，故
稱九與六。
“潛龍勿用”是本爻的爻辭，以下各爻皆有爻辭。“龍”是古
代傳說中的神奇生物，充滿剛健的活力與變化的勢能，可以“乘
2

初九位於地之下，猶如
在深淵之中，所以稱為
“潛龍”，此時不宜有所
作為。正如人在年輕時，
要努力進德修業，培養
實力。
11
乾卦 =
風雲而上天”。爻辭多就本爻所處之位，作一客觀的描述，此為
筮辭；再論斷其出處進退以及吉凶禍福，此為占驗之辭。以位
而言，初、二是地；三、四是人；五、上是天。初九位於地之
下，猶如在深淵之中，所以稱為“潛龍”，此時不宜有所作為。
正如人在年輕時，要努力進德修業，培養實力。"
乾二,乾,,九二：見龍再田，利見大人。,象曰： 見龍再田，德施普也。,,
乾三,乾,,九三：君子終日乾乾，夕惕若，厲無咎。,象曰： 終日乾乾，反復道也。,,
乾四,乾,,九四：或躍在淵，無咎。,象曰： 或躍在淵，進無咎也。,,
乾五,乾,,九五：飛龍在天，利見大人。,象曰：飛龍在天，大人造也。,,
乾上,乾,,上九：亢龍有悔。,象曰：亢龍有悔，盈不可久也。,,
乾用,乾,,用九：見群龍無首，吉。,象曰： 用九，天德不可為首也。,,
坤,坤為地,䷁,坤：元，亨，利牝馬之貞。 君子有攸往，先迷后得主，利西南得朋，東北喪朋。 安貞，吉。,象曰：地勢坤，君子以厚德載物。,彖曰：至哉坤元，萬物資生，乃順承天。 坤厚載物，德合無疆。 含弘光大，品物咸亨。 牝馬地類，行地無疆，柔順利貞。 君子攸行，先迷失道，后順得常。 西南得朋，乃與類行﹔東北喪朋，乃終有慶。安貞之吉，應地無疆。,
坤初,坤,,初六：履霜，堅冰至。,象曰：履霜堅冰，陰始凝也。 馴致其道，至堅冰也。,,
坤二,坤,,六二：直，方，大，不習無不利。,象曰：六二之動，直以方也。 不習無不利，地道光也。,,
坤三,坤,,六三：含章可貞。 或從王事，無成有終。,象曰：含章可貞﹔以時發也。 或從王事，知光大也。,,
坤四,坤,,六四：括囊﹔無咎，無譽。,象曰：括囊無咎，慎不害也。,,
坤五,坤,,六五：黃裳，元吉。,象曰：黃裳元吉，文在中也。,,
坤上,坤,,上六：戰龍於野，其血玄黃。,象曰：戰龍於野，其道窮也。,,
坤用,坤, ,用六：利永貞。,象曰：用六永貞，以大終也。,,
屯卦,水雷屯,䷂,屯：元，亨，利，貞，勿用，有攸往，利建侯。,象曰：云，雷，屯﹔君子以經綸。,彖曰：屯，剛柔始交而難生，動乎險中，大亨貞。雷雨之動滿盈，天造草 昧，宜建侯而不寧。,
屯初,屯,,初九：磐桓﹔利居貞，利建侯。,象曰：雖磐桓，志行正也。 以貴下賤，大得民也。,,
屯二,屯,,六二：屯如邅如，乘馬班如。 匪寇婚媾，女子貞不字，十年乃字。,象曰：六二之難，乘剛也。 十年乃字，反常也。,,
屯三,屯,,六三：既鹿無虞，惟入于林中，君子几不如舍，往吝。,象曰：既鹿無虞，以縱禽也。 君子舍之，往吝窮也。,,
屯四,屯,,六四：乘馬班如，求婚媾，無不利。,象曰：求而往，明也。,,
屯五,屯,,九五：屯其膏，小貞吉，大貞凶。,象曰：屯其膏，施未光也。,,
屯上,屯,,上六：乘馬班如，泣血漣如。,象曰：泣血漣如，何可長也。,,
蒙,山水蒙,䷃,蒙：亨。 匪我求童蒙，童蒙求我。 初噬告，再三瀆，瀆則不告。利貞。,象曰：山下出泉，蒙﹔君子以果行育德。,彖曰：蒙，山下有險，險而止，蒙。 蒙亨，以亨行時中也。匪我求童蒙，童蒙求我，志應也。 初噬告，以剛中也。再三瀆， 瀆則不告，瀆蒙也。 蒙以養正，聖功也。,
蒙初,蒙,,初六：發蒙，利用刑人，用說桎梏，以往吝。,象曰：利用刑人，以正法也。,,
蒙二,蒙,,九二：包蒙吉﹔納婦吉﹔子克家。,象曰：子克家，剛柔接也。,,
蒙三,蒙,,六三：勿用娶女﹔見金夫，不有躬，無攸利。,象曰：勿用娶女，行不順也。,,
蒙四,蒙,,六四：困蒙，吝。,象曰：困蒙之吝，獨遠實也。,,
蒙五,蒙,,六五：童蒙，吉。,象曰：童蒙之吉，順以巽也。,,
蒙上,蒙,,上九：擊蒙﹔不利為寇，利御寇。,象曰：利用御寇，上下順也。,,
需,水天需,䷄,需：有孚，光亨，貞吉。 利涉大川。,象曰：云上於天，需﹔君子以飲食宴樂。,彖曰：需，須也﹔險在前也。 剛健而不陷，其義不困窮矣。 需有孚，光亨，貞吉。 位乎天位，以正中也。 利涉大川，往有功也。,
需初,需,,初九：需于郊。 利用恆，無咎。,象曰：需于郊，不犯難行也。 利用恆，無咎﹔未失常也。,,
需二,需,,九二：需于沙。 小有言，終吉。,象曰：需于沙，衍在中也。 雖小有言，以終吉也。,,
需三,需,,九三：需于泥，致寇至。,象曰：需于泥，災在外也。 自我致寇，敬慎不敗也。,,
需四,需,,六四：需于血，出自穴。,象曰：需于血，順以聽也。,,
需五,需,,九五：需于酒食，貞吉。,象曰：酒食貞吉，以中正也。,,
需上,需,,上六：入于穴，有不速之客三人來，敬之終吉。,象曰：不速之客來，敬之終吉。 雖不當位，未大失也。,,
訟,天水訟,䷅,訟：有孚，窒。 惕中吉。 終凶。 利見大人，不利涉大川。,象曰：天與水違行，訟﹔君子以作事謀始。,彖曰：訟，上剛下險，險而健訟。訟有孚窒，惕中吉，剛來而得中也。終凶﹔訟不可成也。 利見大人﹔尚中正也。不利涉大川﹔入于淵也。,
訟初,訟,,初六：不永所事，小有言，終吉。,象曰：不永所事，訟不可長也。 雖有小言，其辯明也。,,
訟二,訟,,九二：不克訟，歸而逋，其邑人三百戶，無眚。,象曰：不克訟，歸而逋也。 自下訟上，患至掇也。,,
訟三,訟,,六三：食舊德，貞厲，終吉，或從王事，無成。,象曰：食舊德，從上吉也。,,
訟四,訟,,九四：不克訟，復自命，渝，安貞吉。,象曰：復即命，渝安貞﹔不失也。,,
訟五,訟,,九五：訟元吉。,象曰：訟元吉，以中正也。,,
訟上,訟,,上九：或錫之鞶帶，終朝三褫之。,象曰：以訟受服，亦不足敬也。,,
師,地水師,䷆,師：貞，丈人，吉無咎。,象曰：地中有水，師﹔君子以容民畜眾。,彖曰：師，眾也，貞正也，能以眾正，可以王矣。 剛中而應，行險而順，以此毒天下，而民從之，吉又何咎矣。,
師初,師,,初六：師出以律，否臧凶。,象曰：師出以律，失律凶也。,,
師二,師,,九二：在師中，吉無咎，王三錫命。,象曰：在師中吉，承天寵也。 王三錫命，懷萬邦也。,,
師三,師,,六三：師或輿尸，凶。,象曰：師或輿尸，大無功也。,,
師四,師,,六四：師左次，無咎。,象曰：左次無咎，未失常也。,,
師五,師,,六五：田有禽，利執言，無咎。長子帥師，弟子輿尸，貞凶。,象曰：長子帥師，以中行也。弟子輿師，使不當也。,,
師上,師,,上六：大君有命，開國承家，小人勿用。,象曰：大君有命，以正功也。 小人勿用，必亂邦也。,,
比,水地比,䷇,比：吉。 原筮元永貞，無咎。 不寧方來，后夫凶。,象曰：地上有水，比﹔先王以建萬國，親諸侯。,彖曰：比，吉也，比，輔也，下順從也。 原筮元永貞，無咎，以剛中也。不寧方來，上下應也。 后夫凶，其道窮也。,
比初,比,,初六：有孚比之，無咎。 有孚盈缶，終來有他，吉。,象曰：比之初六，有他吉也。,,
比二,比,,六二：比之自內，貞吉。,象曰：比之自內，不自失也。,,
比三,比,,六三：比之匪人。,象曰：比之匪人，不亦傷乎！,,
比四,比,,六四：外比之，貞吉。,象曰：外比於賢，以從上也。,,
比五,比,,九五：顯比，王用三驅，失前禽。 邑人不誡，吉。,象曰：顯比之吉，位正中也。舍逆取順，失前禽也。 邑人不誡，上使中也。,,
比上,比,,上六：比之無首，凶。,象曰：比之無首，無所終也。,,
小畜,風天小畜,䷈,小畜：亨。 密云不雨，自我西郊。,象曰：風行天上，小畜﹔君子以懿文德。,彖曰：小畜﹔ 柔得位，而上下應之，曰小畜。 健而巽，剛中而志行，乃亨。 密云不雨，尚往也。 自我西郊，施未行也。,
小畜初,小畜,,初九：復自道，何其咎，吉。,象曰：復自道，其義吉也。,,
小畜二,小畜,,九二：牽復，吉。,象曰：牽復在中，亦不自失也。,,
小畜三,小畜,,九三：輿說輻，夫妻反目。,象曰：夫妻反目，不能正室也。,,
小畜四,小畜,,六四：有孚，血去惕出，無咎。,象曰：有孚惕出，上合志也。,,
小畜五,小畜,,九五：有孚攣如，富以其鄰。,象曰：有孚攣如，不獨富也。,,
小畜上,小畜,,上九：既雨既處，尚德載，婦貞厲。 月几望，君子征凶。,象曰：既雨既處，德積載也。 君子征凶，有所疑也。,,
履,天風履,䷉,履：履虎尾，不咥人，亨。,象曰：上天下澤，履﹔君子以辨上下，安民志。,彖曰：履，柔履剛也。說而應乎乾，是以履虎尾，不咥人，亨。剛中正，履帝位而不疚，光明也。,
履初,履,,初九：素履，往無咎。,象曰：素履之往，獨行愿也。,,
履二,履,,九二：履道坦坦，幽人貞吉。,象曰：幽人貞吉，中不自亂也。,,
履三,履,,六三：眇能視，跛能履，履虎尾，咥人，凶。 武人為于大君。,象曰：眇能視﹔不足以有明也。跛能履﹔不足以與行也。咥人之凶﹔位不當也。 武人為于大君﹔志剛也。,,
履四,履,,九四：履虎尾，愬愬終吉。,象曰：愬愬終吉，志行也。,,
履五,履,,九五：夬履，貞厲。,象曰：夬履貞厲，位正當也。,,
履上,履,,上九：視履考祥，其旋元吉。,象曰：元吉在上，大有慶也。,,
泰,地天泰,䷊,泰：小往大來，吉亨。,象曰：天地交泰，后以財（裁）成天地之道，輔相天地之宜，以左右民。,彖曰：泰，小往大來，吉亨。則是天地交，而萬物通也﹔上下交，而其志同也。內陽而外陰，內健而外順，內君子而外小人，君子道長，小人道消也。,
泰初,泰,,初九：拔茅茹，以其彙，征吉。,象曰：拔茅征吉，志在外也。,,
泰二,泰,,九二：包荒，用馮河，不遐遺，朋亡，得尚于中行。,象曰：包荒，得尚于中行，以光大也。,,
泰三,泰,,九三：無平不陂，無往不復，艱貞無咎。 勿恤其孚，于食有福。,象曰：無往不復，天地際也。,,
泰四,泰,,六四：翩翩不富，以其鄰，不戒以孚。,象曰：翩翩不富，皆失實也。 不戒以孚，中心愿也。,,
泰五,泰,,六五：帝乙歸妹，以祉元吉。,象曰：以祉元吉，中以行愿也。,,
泰上,泰,,上六：城復于隍，勿用師。 自邑告命，貞吝。,象曰：城復于隍，其命亂也。,,
否,天地否,䷋,否：否之匪人，不利君子貞，大往小來。,象曰：天地不交，否﹔君子以儉德辟難，不可榮以祿。,彖曰：否之匪人，不利君子貞。 大往小來， 則是天地不交，而萬物不通也﹔上下不交，而天下無邦也。內陰而外陽，內柔而外剛，內小人而外君子。 小人道長，君子道消也。,
否初,否,,初六：拔茅茹，以其彙，貞吉亨。,象曰：拔茅貞吉，志在君也。,,
否二,否,,六二：包承。 小人吉，大人否亨。,象曰：大人否亨，不亂群也。,,
否三,否,,六三：包羞。,象曰：包羞，位不當也。,,
否四,否,,九四：有命無咎，疇離祉。,象曰：有命無咎，志行也。,,
否五,否,,九五：休否，大人吉。 其亡其亡，系于苞桑。,象曰：大人之吉，位正當也。,,
否上,否,,上九：傾否，先否后喜。,象曰：否終則傾，何可長也。,,
同人,天火同人,䷌,同人：同人于野，亨。 利涉大川，利君子貞。,象曰：天與火，同人﹔君子以類族辨物。,彖曰：同人，柔得位得中，而應乎乾，曰同人。 同人曰，同人于野，亨。 利涉大川，乾行也。 文明以健，中正而應，君子正也。 唯君子為能通天下之志。,
同人初,同人,,初九：同人于門，無咎。,象曰：出門同人，又誰咎也。,,
同人二,同人,,六二：同人于宗，吝。,象曰：同人于宗，吝道也。,,
同人三,同人,,九三：伏戎于莽，升其高陵，三歲不興。,象曰：伏戎于莽，敵剛也。 三歲不興，安行也。,,
同人四,同人,,九四：乘其墉，弗克攻，吉。,象曰：乘其墉，義弗克也，其吉，則困而反則也。,,
同人五,同人,,九五：同人，先號啕而后笑。 大師克相遇。,象曰：同人之先，以中直也。 大師相遇，言相克也。,,
同人上,同人,,上九：同人于郊，無悔。,象曰：同人于郊，志未得也。,,
大有,火天大有,䷍,大有：元亨。,象曰：火在天上，大有﹔君子以竭惡揚善，順天休命。,彖曰：大有，柔得尊位，大中而上下應之，曰大有。其德剛健而文明，應乎天而時行，是以元亨。,
大有初,大有,,初九：無交害，匪咎，艱則無咎。,象曰：大有初九，無交害也。,,
大有二,大有,,九二：大車以載，有攸往，無咎。,象曰：大車以載，積中不敗也。,,
大有三,大有,,九三.公用亨于天子.小人弗克.,象曰：公用亨于天子，小人害也。,,
大有四,大有,,九四：匪其彭，無咎。,象曰：匪其彭，無咎﹔明辨晰也。,,
大有五,大有,,六五：厥孚交如，威如﹔吉。,象曰：厥孚交如，信以發志也。 威如之吉，易而無備也。,,
大有上,大有,,上九：自天佑之，吉無不利。,象曰：大有上吉，自天佑也。,,
謙,地山謙,䷎,謙：亨，君子有終。,象曰：地中有山，謙﹔君子以裒多益寡，稱物平施。,彖曰：謙，亨，天道下濟而光明，地道卑而上行。天道虧盈而益謙，地道變盈而流謙，鬼神害盈而福謙，人道惡盈而好謙。謙尊而光，卑而不可踰，君子之終也。,
謙初,謙,,初六：謙謙君子，用涉大川，吉。,象曰：謙謙君子，卑以自牧也。,,
謙二,謙,,六二：鳴謙，貞吉。,象曰：鳴謙貞吉，中心得也。,,
謙三,謙,,九三：勞謙君子，有終吉。,象曰：勞謙君子，萬民服也。,,
謙四,謙,,六四：無不利，撝謙。,象曰：無不利，撝謙﹔不違則也。,,
謙五,謙,,六五：不富，以其鄰，利用侵伐，無不利。,象曰：利用侵伐，征不服也。,,
謙上,謙,,上六：鳴謙，利用行師，征邑國。,象曰：鳴謙，志未得也。 可用行師，征邑國也。,,
豫,雷地豫,䷏,"豫,利建侯,行師。",象曰：雷出地奮，豫。 先王以作樂崇德，殷荐之上帝，以配祖考。,彖曰：豫，剛應而志行，順以動，豫。豫，順以動，故天地如之，而況建侯行師乎？天地以順動，故日月不過，而四時不忒﹔聖人以順動，則刑罰清而民服。 豫之時義大矣哉！,
豫初,豫,,初六：鳴豫，凶。,象曰：初六鳴豫，志窮凶也。,,
豫二,豫,,六二：介于石，不終日，貞吉。,象曰：不終日，貞吉﹔以中正也。,,
豫三,豫,,六三：盱豫，悔。 遲有悔。,象曰：盱豫有悔，位不當也。,,
豫四,豫,,九四：由豫，大有得。勿疑。 朋盍簪。,象曰：由豫，大有得﹔志大行也。,,
豫五,豫,,六五：貞疾，恆不死。,象曰：六五貞疾，乘剛也。 恆不死，中未亡也。,,
豫上,豫,,上六：冥豫，成有渝，無咎。,象曰：冥豫在上，何可長也。,,
隨,隨,,隨：元亨利貞，無咎。,象曰：澤中有雷，隨﹔君子以□晦入宴息。,彖曰：隨，剛來而下柔，動而說，隨。大亨貞，無咎，而天下隨時，隨之時義大矣哉！,
隨初,隨,,初九：官有渝，貞吉。 出門交有功。,象曰：官有渝，從正吉也。 出門交有功，不失也。,,
隨二,隨,,六二：系小子，失丈夫。,象曰：系小子，弗兼與也。,,
隨三,隨,,六三：系丈夫，失小子。 隨有求得，利居貞。,象曰：系丈夫，志舍下也。,,
隨四,隨,,九四：隨有獲，貞凶。有孚在道，以明，何咎。,象曰：隨有獲，其義凶也。 有孚在道，明功也。,,
隨五,隨,,九五：孚于嘉，吉。,象曰：孚于嘉，吉﹔位正中也。,,
隨上,隨,,上六：拘系之，乃從維之。 王用亨于西山。,象曰：拘系之，上窮也。,,
蠱,蠱,,蠱：元亨，利涉大川。 先甲三日，后甲三日。,象曰：山下有風，蠱﹔君子以振民育德。,彖曰：蠱，剛上而柔下，巽而止，蠱。 蠱，元亨，而天下治也。 利涉大川，往有事也。 先甲三日，后甲三日，終則有始，天行也。,
蠱初,蠱,,初六：干父之蠱，有子，考無咎，厲終吉。,象曰：干父之蠱，意承考也。,,
蠱二,蠱,,九二：干母之蠱，不可貞。,象曰：干母之蠱，得中道也。,,
蠱三,蠱,,九三：干父小有晦，無大咎。,象曰：干父之蠱，終無咎也。,,
蠱四,蠱,,六四：裕父之蠱，往見吝。,象曰：裕父之蠱，往未得也。,,
蠱五,蠱,,六五：干父之蠱，用譽。,象曰：干父之蠱﹔承以德也。,,
蠱上,蠱,,上九：不事王侯，高尚其事。,象曰：不事王侯，志可則也。,,
臨,臨,,臨：元，亨，利，貞。 至于八月有凶。,象曰：澤上有地，臨﹔ 君子以教思無窮，容保民無疆。,彖曰：臨，剛浸而長。 說而順，剛中而應，大亨以正，天之道也。 至于八月有凶，消不久也。,
臨初,臨,,初九：咸臨，貞吉。,象曰：咸臨貞吉，志行正也。,,
臨二,臨,,九二：咸臨，吉無不利。,象曰：咸臨，吉無不利﹔未順命也。,,
臨三,臨,,六三：甘臨，無攸利。 既憂之，無咎。,象曰：甘臨，位不當也。 既憂之，咎不長也。,,
臨四,臨,,六四：至臨，無咎。,象曰：至臨無咎，位當也。,,
臨五,臨,,六五：知臨，大君之宜，吉。,象曰：大君之宜，行中之謂也。,,
臨上,臨,,上六：敦臨，吉無咎。,象曰：敦臨之吉，志在內也。,,
觀,觀,,觀：盥而不荐，有孚顒若。,象曰：風行地上，觀﹔先王以省方，觀民設教。,彖曰：大觀在上，順而巽，中正以觀天下。觀，盥而不荐，有孚□若，下觀而化也。 觀天之神道，而四時不忒， 聖人以神道設教，而天下服矣。,
觀初,觀,,初六：童觀，小人無咎，君子吝。,象曰：初六童觀，小人道也。,,
觀二,觀,,六二：窺觀，利女貞。,象曰：窺觀女貞，亦可丑也。,,
觀三,觀,,六三：觀我生，進退。,象曰：觀我生，進退﹔未失道也。,,
觀四,觀,,六四：觀國之光，利用賓于王。,象曰：觀國之光，尚賓也。,,
觀五,觀,,九五：觀我生，君子無咎。,象曰：觀我生，觀民也。,,
觀上,觀,,上九：觀其生，君子無咎。,象曰：觀其生，志未平也。,,
噬嗑,噬嗑,,噬嗑：亨。 利用獄。,象曰：雷電噬嗑﹔先王以明罰敕法。,彖曰：頤中有物，曰噬嗑，噬嗑而亨。剛柔分，動而明，雷電合而章。柔得中而上行，雖不當位，利用獄也。,
噬嗑初,噬嗑,,初九：履校滅趾，無咎。,象曰：履校滅趾，不行也。,,
噬嗑二,噬嗑,,六二：噬膚滅鼻，無咎。,象曰：噬膚滅鼻，乘剛也。,,
噬嗑三,噬嗑,,六三：噬臘肉，遇毒﹔小吝，無咎。,象曰：遇毒，位不當也。,,
噬嗑四,噬嗑,,九四：噬乾胏，得金矢，利艱貞，吉。,象曰：利艱貞吉，未光也。,,
噬嗑五,噬嗑,,六五：噬乾肉，得黃金，貞厲，無咎。,象曰：貞厲無咎，得當也。,,
噬嗑上,噬嗑,,上九：何校滅耳，凶。,象曰：何校滅耳，聰不明也。,,
賁,賁,,賁：亨。 小利有所往。,象曰：山下有火，賁﹔君子以明庶政，無敢折獄。,彖曰：賁，亨﹔柔來而文剛，故亨。分剛上而文柔，故小利有攸往。天文也﹔文明以止，人文也。觀乎天文，以察時變﹔觀乎人文，以化成天下。,
賁初,賁,,初九：賁其趾，舍車而徒。,象曰：舍車而徒，義弗乘也。,,
賁二,賁,,六二：賁其須。,象曰：賁其須，與上興也。,,
賁三,賁,,九三：賁如濡如，永貞吉。,象曰：永貞之吉，終莫之陵也。,,
賁四,賁,,六四：賁如皤如，白馬翰如，匪寇婚媾。,象曰：六四，當位疑也。 匪寇婚媾，終無尤也。,,
賁五,賁,,六五：賁于丘園，束帛戔戔，吝，終吉。,象曰：六五之吉，有喜也。,,
賁上,賁,,上九：白賁，無咎。,象曰：白賁無咎，上得志也。,,
剝,剝,,剝：不利有攸往。,象曰：山附地上，剝﹔上以厚下，安宅。,彖曰：剝，剝也，柔變剛也。 不利有攸往，小人長也。 順而止之，觀象也。 君子尚消息盈虛，天行也。,
剝初,剝,,初六：剝床以足，蔑貞凶。,象曰：剝床以足，以滅下也。,,
剝二,剝,,六二：剝床以辨，蔑貞凶。,象曰：剝床以辨，未有與也。,,
剝三,剝,,六三：剝之，無咎。,象曰：剝之無咎，失上下也。,,
剝四,剝,,六四：剝床以膚，凶。,象曰：剝床以膚，切近災也。,,
剝五,剝,,六五：貫魚，以宮人寵，無不利。,象曰：以宮人寵，終無尤也。,,
剝上,剝,,上九：碩果不食，君子得輿，小人剝廬。,象曰：君子得輿，民所載也。 小人剝廬，終不可用也。,,
復,復,,復：亨。 出入無疾，朋來無咎。 反復其道，七日來復，利有攸往。,象曰：雷在地中，復﹔先王以至日閉關，商旅不行，后不省方。,彖曰：復亨﹔剛反，動而以順行，是以出入無疾，朋來無咎。 反復其道，七日來復，天行也。 利有攸往，剛長也。 復其見天地之心乎？,
復初,復,,初九：不復遠，無只悔，元吉。,象曰：不遠之復，以修身也。,,
復二,復,,六二：休復，吉。,象曰：休復之吉，以下仁也。,,
復三,復,,六三：頻復，厲無咎。,象曰：頻復之厲，義無咎也。,,
復四,復,,六四：中行獨復。,象曰：中行獨復，以從道也。,,
復五,復,,六五：敦復，無悔。,象曰：敦復無悔，中以自考也。,,
復上,復,,上六：迷復，凶，有災眚。用行師，終有大敗，以其國君，凶﹔至于十年，不克征。,象曰：迷復之凶，反君道也。,,
無妄,無妄,,無妄：元，亨，利，貞。 其匪正有眚，不利有攸往。,象曰：天下雷行，物與無妄﹔先王以茂對時，育萬物。,彖曰：無妄，剛自外來，而為主於內。動而健，剛中而應，大亨以正，天之命也。 其匪正有眚，不利有攸往。無妄之往，何之矣？ 天命不佑，行矣哉？,
無妄初,無妄,,初九：無妄，往吉。,象曰：無妄之往，得志也。,,
無妄二,無妄,,六二：不耕獲，不菑畬，則利有攸往。,象曰：不耕獲，未富也。,,
無妄三,無妄,,六三：無妄之災，或系之牛，行人之得，邑人之災。,象曰：行人得牛，邑人災也。,,
無妄四,無妄,,九四：可貞，無咎。,象曰：可貞無咎，固有之也。,,
無妄五,無妄,,九五：無妄之疾，勿藥有喜。,象曰：無妄之藥，不可試也。,,
無妄上,無妄,,上九：無妄，行有眚，無攸利。,象曰：無妄之行，窮之災也。,,
大畜,山天大畜,䷙,大畜：利貞，不家食吉，利涉大川。,象曰：天在山中，大畜﹔君子以多識前言往行，以畜其德。,彖曰：大畜，剛健篤實輝光，日新其德，剛上而尚賢。 能止健，大正也。不家食吉，養賢也。 利涉大川，應乎天也。,"大畜。利貞。不家食，吉。利涉大川。

【白話】
大畜卦。適宜正固。不吃家裡的飯，吉祥。適宜渡過大河。

【解讀】
• 大畜卦是下乾上艮，亦即“山天大畜”。《序卦》說：“有無妄
然後可畜，故受之以大畜。”不虛妄則是真誠而實在，由此培養
內涵，然後可以大有積蓄。

• 積蓄德行與學識之後，成為賢人，將會受到國家禮遇，不必在
家裡吃閒飯。這表示政治上軌道，所以說“吉”。面對艱難險阻，
也可以大步前行，是為“利涉大川”。

《彖》曰：大畜。剛健篤實輝光，日新其德，剛上而尚賢。能止健，大
正也。不家食吉，養賢也。利涉大川，應乎天也。

【白話】
《彖傳》說：大畜卦。剛強勁健厚重實在而輝映光彩，其德日日
更新，它的作風是要讓剛強者居上位，由此推崇賢人。能夠止住勁健，
是因為充滿正固的力量。不吃家裡的飯而吉祥，是因為國家在培養賢
人。適宜渡過大河，則是為了配合天的法則。

【解讀】
• 大畜卦下乾上艮，艮為山，乾為天。天行剛健而山處厚實；外靜
而內動，在大的積蓄中，還須不斷推陳出新。由“剛上”一語可
知本卦由大壯卦（䷡，第三十四卦）變成，亦即九四成為上九，陽
爻居最高位，是為“尚賢”，由此而來的“養賢”，則是“不家食”。

• “能止健”，內動強勁（乾），而外有山止（艮），必定具有極
大的正固力量，進而可以克服險阻，亦即“利涉大川”。

《象》曰：天在山中，大畜。君子以多識前言往行，以畜其德。

【白話】
《象傳》說：“天”處在“山”裡面，這就是大畜卦。君子由此領悟，
要廣泛學習並記得古人的言行，以培養自己的深厚道德。

【解讀】
• 大畜卦下乾上艮，其象即是“天在山中”。天為至大而無所不
覆，現在卻被山所包容，可見其蓄積之大。

• “識”為由學習而記住。“畜德”表示道德也須蘊蓄以成其厚。
向古人學習，是一個好辦法。"
大畜初,大畜,,初九：有厲利已。,象曰：有厲利已，不犯災也。,,"初九。有歷，利已。
《象》日：有厲利已，不犯災也。

【白話】
初九。有危險，適宜停止。
《象傳》說：有危險而適宜停止，是為了不要招惹災禍。

【解讀】
• 大畜卦以積蓄涵養為原則。初九陽剛易動，又有六四正應，有
躍躍欲試之象，所以要警惕它“有厲”。

•“利已”，“已”是停止，停止是為了“不犯災”，“犯”是干犯、
招惹。在此卦中，上下正應的陽爻，都以“止”為宜。"
大畜二,大畜,,九二：輿說輻。,象曰：輿說輻，中無尤也。,,"九二。與說輹。
《象》曰：輿說輹，中無尤也。

【白話】
九二。車廂脫離了車軸。
《象傳》說：車廂脫離了車軸，是因為居中而沒有過失。

【解讀】
• “說”同“脫”，“復”是連線車廂與車軸的零件（古稱“伏兔”）。
九二與六五正應，也是想行動而不可得。由象上看，九二在互
震（九三、六四、六五）之下，與震分離，震行，又
有車廂之象，但與九二脫了節。

• 九二居下卦中位，言行適中，現在因“輿說複”而行不得，所
以“無尤”。"
大畜三,大畜,,九三：良馬逐，利艱貞。 曰閑輿衛，利有攸往。,象曰：利有攸往，上合志也。,,"九三。良馬逐，利艱貞。日閒與衛，利有攸往。
《象》曰：利有攸往，上合志也。

【白話】
九三。駿馬奔馳，適宜在艱難中正固。每天練習駕車與防衛，適宜有
所前往。
《象傳》說：適宜有所前往，是因為與上位者心意相合。

【解讀】
• 九三在下卦乾中，乾為馬；又在互震（九三、六四、六五）
中，震為行；合之則為“良馬逐”。不過，它面臨艮卦，艮
為止，表示有阻力，所以“利艱貞”。

• “閒”為嫻熟、練習，“輿”指駕車，“衛”指防衛，都是古代

作戰必備的能力。如果具備這些條件，才可以“利有攸往”。

•對九三而言，雖與上九無應，但兩者皆為陽爻，在本卦中，可
謂心意相合，可以往前邁進。"
大畜四,大畜,,六四：童牛之牿，元吉。,象曰：六四元吉，有喜也。,,"六四。童牛之牿，元吉。
《象》曰：六四元吉，有喜也。

【白話】
六四。小牛在角上綁了橫木，最為吉祥。
《象傳》說：六四最為吉祥，是因為有了喜悅之事。

【解讀】
• “牿”是綁在牛角上的橫木，使牛角無法刺傷人。這是古人畜
養小牛的方式。如此一來，小牛由野而馴，成為極有價值的家
畜，可以耕田也可以拖車，確實“元吉”。程頤說：“人之惡止
於初則易，既盛而後禁，則扦格而難勝。”小惡之人，導之可使
為善。

• 大畜卦是四陽畜二陰，在六四與六五，分別談及牛與豬，所畜
皆為對人類有利之生物。六四在互兌（九二、九三、六四）中，
兌為悅，所以“有喜”。"
大畜五,大畜,,六五：豶豕之牙，吉。,象曰：六五之吉，有慶也。,,"六五。豶豕之牙，吉。
《象》日：六五之吉，有慶也。

【白話】
六五。閹豬口中的牙，吉祥。
《象傳》說：六五的吉祥，是因為有了喜慶之事。

【解讀】
• “豶”是去勢或閹過的豬，“豕”是豬。野豬的獠牙是傷害人
的利器，“豶豕”已無野性，它的牙對人就沒有威脅了，豕反而
成為人類食物的來源，所以說“吉”。

• 六五居尊位，又有九二正應，現在把天下人引以為患的野豬馴
成了家畜，自然“有慶”。“豶豕”之喻，是要從根本上化解不
當慾望的來源，而最好的方法則是修明政教，上行下效，大家
一起蓄積德行。"
大畜上,大畜,,上九：何天之衢，亨。,象曰：何天之衢，道大行也。,,"上九。何天之衢，亨。
《象》曰：何天之衢，道大行也。

【白話】
上九。位處上天所賜的通路，通達。
《象傳》說：位處上天所賜的通路，正道可以充分實現了。

【解讀】
• “何”為荷，為擔負、承受、獲得之意。“衢” 為交通要道。上
九居天位，在全卦最上，獲得全卦的支援；上九又在互震（九
三、六四、六五）之上，震為大途；合而觀之，則是“何天之
衢”，亦即位居上天所展示的大路上。

• 大畜卦所蓄積的條件，在上九發揮了作用，使它可以無往不利，
充分實現正道。"
頤,頤,,頤：貞吉。 觀頤，自求口實。,象曰：山下有雷，頤﹔君子以慎言語，節飲食。,彖曰：頤貞吉，養正則吉也。 觀頤，觀其所養也﹔ 自求口實，觀其自養也。 天地養萬物，聖人養賢，以及萬民﹔頤之時義大矣哉！,
頤初,頤,,初九：舍爾靈龜，觀我朵頤，凶。,象曰：觀我朵頤，亦不足貴也。,,
頤二,頤,,六二：顛頤，拂經，于丘頤，征凶。,象曰：六二征凶，行失類也。,,
頤三,頤,,六三：拂頤，貞凶，十年勿用，無攸利。,象曰：十年勿用，道大悖也。,,
頤四,頤,,六四：顛頤吉，虎視眈眈，其欲逐逐，無咎。,象曰：顛頤之吉，上施光也。,,
頤五,頤,,六五：拂經，居貞吉，不可涉大川。,象曰：居貞之吉，順以從上也。,,
頤上,頤,,上九：由頤，厲吉，利涉大川。,象曰：由頤厲吉，大有慶也。,,
大過,大過,,大過：棟橈，利有攸往，亨。,象曰：澤滅木，大過﹔君子以獨立不懼，遯世無悶。,彖曰：大過，大者過也。 棟橈，本末弱也。 剛過而中，巽而說行，利有攸往，乃亨。 大過之時義大矣哉！,
大過初,大過,,初六：藉用白茅，無咎。,象曰：藉用白茅，柔在下也。,,
大過二,大過,,九二：枯楊生稊，老夫得其女妻，無不利。,象曰：老夫女妻，過以相與也。,,
大過三,大過,,九三：棟橈，凶。,象曰：棟橈之凶，不可以有輔也。,,
大過四,大過,,九四：棟隆，吉﹔有它吝。,象曰：棟隆之吉，不橈乎下也。,,
大過五,大過,,九五：枯楊生華，老婦得士夫，無咎無譽。,象曰：枯楊生華，何可久也。 老婦士夫，亦可丑也。,,
大過上,大過,,上六：過涉滅頂，凶，無咎。,象曰：過涉之凶，不可咎也。,,
坎,坎,,坎：習坎，有孚，維心亨，行有尚。,象曰：水洊至，習坎﹔君子以常德行，習教事。,彖曰：習坎，重險也。 水流而不盈，行險而不失其信。 維心亨，乃以剛中也。 行有尚，往有功也。 天險不可升也，地險山川丘陵也，王公設險以守其國，坎之時用大矣哉！,
坎初,坎,,初六：習坎，入于坎窞，凶。,象曰：習坎入坎，失道凶也。,,
坎二,坎,,九二：坎有險，求小得。,象曰：求小得，未出中也。,,
坎三,坎,,六三：來之坎坎，險且枕，入于坎窞，勿用。,象曰：來之坎坎，終無功也。,,
坎四,坎,,六四：樽酒簋貳，用缶，納約自牖，終無咎。,象曰：樽酒簋貳，剛柔際也。,,
坎五,坎,,九五：坎不盈，只既平，無咎。,象曰：坎不盈，中未大也。,,
坎上,坎,,上六：係用徽纆，置于叢棘，三歲不得，凶。,象曰：上六失道，凶三歲也。,,
離,離,,離：利貞，亨。 畜牝牛，吉。,象曰：明兩作離，大人以繼明照于四方。,彖曰：離，麗也﹔日月麗乎天，百谷草木麗乎土，重明以麗乎正，乃化成天下。 柔麗乎中正，故亨﹔是以畜牝牛吉也。,
離初,離,,初九：履錯然，敬之無咎。,象曰：履錯之敬，以辟咎也。,,
離二,離,,六二：黃離，元吉。,象曰：黃離元吉，得中道也。,,
離三,離,,九三：日昃之離，不鼓缶而歌，則大耋之嗟，凶。,象曰：日昃之離，何可久也。,,
離四,離,,九四：突如其來如，焚如，死如，棄如。,象曰：突如其來如，無所容也。,,
離五,離,,六五：出涕沱若，戚嗟若，吉。,象曰：六五之吉，離王公也。,,
離上,離,,上九：王用出征，有嘉折首，獲其匪丑，無咎。,象曰：王用出征，以正邦也。,,
咸,咸,,咸：亨，利貞，取女吉。,象曰：山上有澤，咸﹔君子以虛受人。,彖曰：咸，感也。柔上而剛下，二氣感應以相與，止而說，男下女，是以亨利貞，取女吉也。天地感而萬物化生，聖人感人心而天下和平﹔觀其所感，而天地萬物之情可見矣！,
咸初,咸,,初六：咸其拇。,象曰：咸其拇，志在外也。,,
咸二,咸,,六二：咸其腓，凶，居吉。,象曰：雖凶，居吉，順不害也。,,
咸三,咸,,九三：咸其股，執其隨，往吝。,象曰：咸其股，亦不處也。 志在隨人，所執下也。,,
咸四,咸,,九四：貞吉悔亡，憧憧往來，朋從爾思。,象曰：貞吉悔亡，未感害也。 憧憧往來，未光大也。,,
咸五,咸,,九五：咸其脢，無悔。,象曰：咸其脢，志末也。,,
咸上,咸,,上六：咸其輔，頰，舌。,象曰：咸其輔，頰，舌，滕脢說也。,,
恆,恆,,恆：亨，無咎，利貞，利有攸往。,象曰：雷風，恆﹔君子以立不易方。,彖曰：恆，久也。 剛上而柔下，雷風相與，巽而動，剛柔皆應，恆。 恆亨無咎，利貞﹔ 久於其道也，天地之道，恆久而不已也。 利有攸往，終則有始也。日月得天，而能久照，四時變化，而能久成，聖人久於其道，而天下化成﹔觀其所恆，而天地萬物之情可見矣！,
恆初,恆,,初六：浚恆，貞凶，無攸利。,象曰：浚恆之凶，始求深也。,,
恆二,恆,,九二：悔亡。,象曰：九二悔亡，能久中也。,,
恆三,恆,,九三：不恆其德，或承之羞，貞吝。,象曰：不恆其德，無所容也。,,
恆四,恆,,九四：田無禽。,象曰：久非其位，安得禽也。,,
恆五,恆,,六五：恆其德，貞，婦人吉，夫子凶。,象曰：婦人貞吉，從一而終也。 夫子制義，從婦凶也。,,
恆上,恆,,上六：振恆，凶。,象曰：振恆在上，大無功也。,,
遯,遯,,遯：亨，小利貞。,象曰：天下有山，遯﹔君子以遠小人，不惡而嚴。,彖曰：遯亨，遯而亨也。 剛當位而應，與時行也。 小利貞，浸而長也。遯之時義大矣哉！,
遯初,遯,,初六：遯尾，厲，勿用有攸往。,象曰：遯尾之厲，不往何災也。,,
遯二,遯,,六二：執之用黃牛之革，莫之勝說。,象曰：執用黃牛，固志也。,,
遯三,遯,,九三：系遯，有疾厲，畜臣妾吉。,象曰：系遯之厲，有疾憊也。 畜臣妾吉，不可大事也。,,
遯四,遯,,九四：好遯君子吉，小人否。,象曰：君子好遯，小人否也。,,
遯五,遯,,九五：嘉遯，貞吉。,象曰：嘉遯貞吉，以正志也。,,
遯上,遯,,上九：肥遯，無不利。,象曰：肥遯，無不利﹔無所疑也。,,
大壯,大壯,,大壯：利貞。,象曰：雷在天上，大壯﹔君子以非禮勿履。,彖曰：大壯，大者壯也。 剛以動，故壯。 大壯利貞﹔大者正也。正大而天地之情可見矣！,
大壯初,大壯,,初九：壯于趾，征凶，有孚。,象曰：壯于趾，其孚窮也。,,
大壯二,大壯,,九二：貞吉。,象曰：九二貞吉，以中也。,,
大壯三,大壯,,九三：小人用壯，君子用罔，貞厲。 羝羊觸藩，羸其角。,象曰：小人用壯，君子罔也。,,
大壯四,大壯,,九四：貞吉悔亡，藩決不羸，壯于大輿之輹。,象曰：藩決不羸，尚往也。,,
大壯五,大壯,,六五：喪羊于易，無悔。,象曰：喪羊于易，位不當也。,,
大壯上,大壯,,上六：羝羊觸藩，不能退，不能遂，無攸利，艱則吉。,象曰：不能退，不能遂，不祥也。 艱則吉，咎不長也。,,
晉,晉,,晉：康侯用錫馬蕃庶，晝日三接。,象曰：明出地上，晉﹔君子以自昭明德。,彖曰：晉，進也。 明出地上，順而麗乎大明，柔進而上行。 是以康侯用錫馬蕃庶，晝日三接也。,
晉初,晉,,初六：晉如，摧如，貞吉。 罔孚，裕無咎。,象曰：晉如，摧如﹔獨行正也。 裕無咎﹔未受命也。,,
晉二,晉,,六二：晉如，愁如，貞吉。 受茲介福，于其王母。,象曰：受之介福，以中正也。,,
晉三,晉,,六三：眾允，悔亡。,象曰：眾允之，志上行也。,,
晉四,晉,,九四：晉如碩鼠，貞厲。,象曰：碩鼠貞厲，位不當也。,,
晉五,晉,,六五：悔亡，失得勿恤，往吉無不利。,象曰：失得勿恤，往有慶也。,,
晉上,晉,,上九：晉其角，維用伐邑，厲吉無咎，貞吝。,象曰：維用伐邑，道未光也。,,
明夷,明夷,,明夷：利艱貞。,象曰：明入地中，明夷﹔君子以蒞眾，用晦而明。,彖曰：明入地中，明夷。 內文明而外柔順，以蒙大難，文王以之。 利艱貞，晦其明也，內難而能正其志，箕子以之。,
明夷初,明夷,,初九：明夷于飛，垂其翼。 君子于行，三日不食， 有攸往，主人有言。,象曰：君子于行，義不食也。,,
明夷二,明夷,,六二：明夷，夷于左股，用拯馬壯，吉。,象曰：六二之吉，順以則也。,,
明夷三,明夷,,九三：明夷于南狩，得其大首，不可疾貞。,象曰：南狩之志，乃大得也。,,
明夷四,明夷,,六四：入于左腹，獲明夷之心，出于門庭。,象曰：入于左腹，獲心意也。,,
明夷五,明夷,,六五：箕子之明夷，利貞。,象曰：箕子之貞，明不可息也。,,
明夷上,明夷,,上六：不明晦，初登于天，后入于地。,象曰：初登于天，照四國也。 后入于地，失則也。,,
家人,家人,,家人：利女貞。,象曰：風自火出，家人﹔君子以言有物，而行有恆。,彖曰：家人，女正位乎內，男正位乎外，男女正，天地之大義也。家人有嚴君焉，父母之謂也。父父，子子，兄兄，弟弟，夫夫，婦婦，而家道正﹔正家而天下定矣。,
家人初,家人,,初九：閑有家，悔亡。,象曰：閑有家，志未變也。,,
家人二,家人,,六二：無攸遂，在中饋，貞吉。,象曰：六二之吉，順以巽也。,,
家人三,家人,,九三：家人嗃嗃，悔厲吉﹔婦子嘻嘻，終吝。,象曰：家人嗃嗃，未失也﹔婦子嘻嘻，失家節也。,,
家人四,家人,,六四：富家，大吉。,象曰：富家大吉，順在位也。,,
家人五,家人,,九五：王假有家，勿恤吉。,象曰：王假有家，交相愛也。,,
家人上,家人,,上九：有孚威如，終吉。,象曰：威如之吉，反身之謂也。,,
睽,睽,,睽：小事吉。,象曰：上火下澤，睽﹔君子以同而異。,彖曰：睽，火動而上，澤動而下﹔ 二女同居，其志不同行﹔說而麗乎明，柔進而上行，得中而應乎剛﹔是以小事吉。 天地睽，而其事同也﹔男女睽，而其志通也﹔萬物睽，而其事類也﹔睽之時用大矣哉！,
睽初,睽,,初九：悔亡，喪馬勿逐，自復﹔見惡人無咎。,象曰：見惡人，以辟咎也。,,
睽二,睽,,九二：遇主于巷，無咎。,象曰：遇主于巷，未失道也。,,
睽三,睽,,六三：見輿曳，其牛掣，其人天且劓，無初有終。,象曰：見輿曳，位不當也。 無初有終，遇剛也。,,
睽四,睽,,九四：睽孤，遇元夫，交孚，厲無咎。,象曰：交孚無咎，志行也。,,
睽五,睽,,六五：悔亡，厥宗噬膚，往何咎。,象曰：厥宗噬膚，往有慶也。,,
睽上,睽,,上九：睽孤， 見豕負涂，載鬼一車， 先張之弧，后說之弧，匪寇婚媾，往遇雨則吉。,象曰：遇雨之吉，群疑亡也。,,
蹇,蹇,,蹇：利西南，不利東北﹔利見大人，貞吉。,象曰：山上有水，蹇﹔君子以反身修德。,彖曰：蹇，難也，險在前也。 見險而能止，知矣哉！蹇利西南， 往得中也﹔不利東北，其道窮也。 利見大人，往有功也。 當位貞吉，以正邦也。 蹇之時用大矣哉！,
蹇初,蹇,,初六：往蹇，來譽。,象曰：往蹇來譽，宜待也。,,
蹇二,蹇,,六二：王臣蹇蹇，匪躬之故。,象曰：王臣蹇蹇，終無尤也。,,
蹇三,蹇,,九三：往蹇來反。,象曰：往蹇來反，內喜之也。,,
蹇四,蹇,,六四：往蹇來連。,象曰：往蹇來連，當位實也。,,
蹇五,蹇,,九五：大蹇朋來。,象曰：大蹇朋來，以中節也。,,
蹇上,蹇,,上六：往蹇來碩，吉﹔利見大人。,象曰：往蹇來碩，志在內也。 利見大人，以從貴也。,,
解,解,,解：利西南，無所往，其來復吉。 有攸往，夙吉。,象曰：雷雨作，解﹔君子以赦過宥罪。,彖曰：解，險以動，動而免乎險，解。 解利西南，往得眾也。其來復吉， 乃得中也。有攸往夙吉，往有功也。 天地解，而雷雨作，雷雨作，而百果草木皆甲坼，解之時義大矣哉！,
解初,解,,初六：無咎。,象曰：剛柔之際，義無咎也。,,
解二,解,,九二：田獲三狐，得黃矢，貞吉。,象曰：九二貞吉，得中道也。,,
解三,解,,六三：負且乘，致寇至，貞吝。,象曰：負且乘，亦可丑也，自我致戎，又誰咎也。,,
解四,解,,九四：解而拇，朋至斯孚。,象曰：解而拇，未當位也。,,
解五,解,,六五：君子維有解，吉﹔有孚于小人。,象曰：君子有解，小人退也。,,
解上,解,,上六：公用射隼，于高墉之上，獲之，無不利。,象曰：公用射隼，以解悖也。,,
損,損,,損：有孚，元吉，無咎，可貞，利有攸往？  曷之用，二簋可用享。,象曰：山下有澤，損﹔君子以懲忿窒欲。,彖曰：損，損下益上，其道上行。損而有孚，元吉，無咎，可貞，利有攸往。 曷之用？ 二簋可用享﹔二簋應有時。損剛益柔有時，損益盈虛，與時偕行。,
損初,損,,初九：已事遄往，無咎，酌損之。,象曰：已事遄往，尚合志也。,,
損二,損,,九二：利貞，征凶，弗損益之。,象曰：九二利貞，中以為志也。,,
損三,損,,六三：三人行，則損一人﹔一人行，則得其友。,象曰：一人行，三則疑也。,,
損四,損,,六四：損其疾，使遄有喜，無咎。,象曰：損其疾，亦可喜也。,,
損五,損,,六五：或益之，十朋之龜弗克違，元吉。,象曰：六五元吉，自上佑也。,,
損上,損,,上九：弗損益之，無咎，貞吉，利有攸往，得臣無家。,象曰：弗損益之，大得志也。,,
益,益,,益：利有攸往，利涉大川。,象曰：風雷，益﹔君子以見善則遷，有過則改。,彖曰：益，損上益下，民說無疆，自上下下，其道大光。利有攸往，中正有慶。 利涉大川，木道乃行。 益動而巽，日進無疆。 天施地生，其益無方。 凡益之道，與時偕行。,
益初,益,,初九：利用為大作，元吉，無咎。,象曰：元吉無咎，下不厚事也。,,
益二,益,,六二：或益之，十朋之龜，弗克違，永貞吉。 王用享于帝，吉。,象曰：或益之，自外來也。,,
益三,益,,六三：益之用凶事，無咎。 有孚中行，告公用圭。,象曰：益用凶事，固有之也。,,
益四,益,,六四：中行告公從。 利用為依遷國。,象曰：告公從，以益志也。,,
益五,益,,九五：有孚惠心，勿問元吉。 有孚惠我德。,象曰：有孚惠心，勿問之矣。 惠我德，大得志也。,,
益上,益,,上九：莫益之，或擊之，立心勿恆，凶。,象曰：莫益之，偏辭也。 或擊之，自外來也。,,
夬,夬,,夬：揚于王庭，孚號，有厲，告自邑，不利即戎，利有攸往。,象曰：澤上于天，夬﹔君子以施祿及下，居德則忌。,彖曰：夬，決也，剛決柔也。健而說，決而和，揚于王庭，柔乘五剛也。孚號有厲，其危乃光也。 告自邑，不利即戎，所尚乃窮也。 利有攸往，剛長乃終也。,
夬初,夬,,初九：壯于前趾，往不勝為咎。,象曰：不勝而往，咎也。,,
夬二,夬,,九二：惕號，莫夜有戎，勿恤。,象曰：莫夜有戎，得中道也。,,
夬三,夬,,九三：壯于頄，有凶。 君子夬夬，獨行遇雨，若濡有慍，無咎。,象曰：君子夬夬，終無咎也。,,
夬四,夬,,九四：臀無膚，其行次且。 牽羊悔亡，聞言不信。,象曰：其行次且，位不當也。 聞言不信，聰不明也。,,
夬五,夬,,九五：莧陸夬夬，中行無咎。,象曰：中行無咎，中未光也。,,
夬上,夬,,上六：無號，終有凶。,象曰：無號之凶，終不可長也。,,
姤,姤,,姤 ：女壯，勿用取女。,象曰：天下有風，姤 ﹔后以施命誥四方。,彖曰：姤 ，遇也，柔遇剛也。勿用取女，不可與長也。 天地相遇，品物咸章也。 剛遇中正，天下大行也。 姤 之時義大矣哉！,
姤初,姤,,初六：系于金柅，貞吉，有攸往，見凶，羸豕踟躅。,象曰：系于金柅，柔道牽也。,,
姤二,姤,,九二：包有魚，無咎，不利賓。,象曰：包有魚，義不及賓也。,,
姤三,姤,,九三：臀無膚，其行次且，厲，無大咎。,象曰：其行次且，行未牽也。,,
姤四,姤,,九四：包無魚，起凶。,象曰：無魚之凶，遠民也。,,
姤五,姤,,九五：以杞包瓜，含章，有隕自天。,象曰：九五含章，中正也。 有隕自天，志不舍命也。,,
姤上,姤,,上九：姤 其角，吝，無咎。,象曰：姤 其角，上窮吝也。,,
萃,萃,,萃：亨。 王假有廟，利見大人，亨，利貞。 用大牲吉，利有攸往。,象曰：澤上於地，萃﹔君子以除戎器，戒不虞。,彖曰：萃，聚也﹔順以說，剛中而應，故聚也。王假有廟，致孝享也。利見大人亨，聚以正也。 用大牲吉，利有攸往，順天命也。 觀其所聚，而天地萬物之情可見矣。,
萃初,萃,,初六：有孚不終，乃亂乃萃，若號一握為笑，勿恤，往無咎。,象曰：乃亂乃萃，其志亂也。,,
萃二,萃,,六二：引吉，無咎，孚乃利用禴。,象曰：引吉無咎，中未變也。,,
萃三,萃,,六三：萃如，嗟如，無攸利，往無咎，小吝。,象曰：往無咎，上巽也。,,
萃四,萃,,九四：大吉，無咎。,象曰：大吉無咎，位不當也。,,
萃五,萃,,九五：萃有位，無咎。 匪孚，元永貞，悔亡。,象曰：萃有位，志未光也。,,
萃上,萃,,上六：齎咨涕洟，無咎。,象曰：齎咨涕洟，未安上也。,,
升,升,,升：元亨，用見大人，勿恤，南征吉。,象曰：地中生木，升﹔君子以順德，積小以高大。,彖曰：柔以時升，巽而順，剛中而應，是以大亨。用見大人，勿恤﹔有慶也。 南征吉，志行也。,
升初,升,,初六：允升，大吉。,象曰：允升大吉，上合志也。,,
升二,升,,九二：孚乃利用禴，無咎。,象曰：九二之孚，有喜也。,,
升三,升,,九三：升虛邑。,象曰：升虛邑，無所疑也。,,
升四,升,,六四：王用亨于岐山，吉無咎。,象曰：王用亨于岐山，順事也。,,
升五,升,,六五：貞吉，升階。,象曰：貞吉升階，大得志也。,,
升上,升,,上六：冥升，利于不息之貞。,象曰：冥升在上，消不富也。,,
困,困,,困：亨，貞，大人吉，無咎，有言不信。,象曰：澤無水，困﹔君子以致命遂志。,彖曰：困，剛掩也。 險以說，困而不失其所，亨﹔其唯君子乎？ 貞大人吉，以剛中也。 有言不信，尚口乃窮也。,
困初,困,,初六：臀困于株木，入于幽谷，三歲不見。,象曰：入于幽谷，幽不明也。,,
困二,困,,九二：困于酒食，朱紱方來，利用亨祀，征凶，無咎。,象曰：困于酒食，中有慶也。,,
困三,困,,六三：困于石，據于蒺藜，入于其宮，不見其妻，凶。,象曰：據于蒺藜，乘剛也。 入于其宮，不見其妻，不祥也。,,
困四,困,,九四：來徐徐，困于金車，吝，有終。,象曰：來徐徐，志在下也。 雖不當位，有與也。,,
困五,困,,九五：劓刖，困于赤紱，乃徐有說，利用祭祀。,象曰：劓刖，志未得也。乃徐有說，以中直也。利用祭祀，受福也。,,
困上,困,,上六：困于葛藟，于臲卼，曰動悔。 有悔，征吉。,象曰：困于葛藟，未當也。 動悔，有悔吉，行也。,,
井,井,,井：改邑不改井，無喪無得，往來井井。汔至，亦未繘井，羸其瓶，凶。,象曰：木上有水，井﹔君子以勞民勸相。,彖曰：巽乎水而上水，井﹔井養而不窮也。改邑不改井，乃以剛中也。汔至亦未繘井，未有功也。 羸其瓶，是以凶也。,
井初,井,,初六：井泥不食，舊井無禽。,象曰：井泥不食，下也。 舊井無禽，時舍也。,,
井二,井,,九二：井谷射鮒，瓮敝漏。,象曰：井谷射鮒，無與也。,,
井三,井,,九三：井渫不食，為我民惻，可用汲，王明，并受其福。,象曰：井渫不食，行惻也。 求王明，受福也。,,
井四,井,,六四：井甃，無咎。,象曰：井甃無咎，修井也。,,
井五,井,,九五：井冽，寒泉食。,象曰：寒泉之食，中正也。,,
井上,井,,上六：井收勿幕，有孚元吉。,象曰：元吉在上，大成也。,,
革,革,,革：己日乃孚，元亨利貞，悔亡。,象曰：澤中有火，革﹔君子以治歷明時。,彖曰：革，水火相息，二女同居，其志不相得，曰革。己日乃孚﹔革而信也。 文明以說，大亨以正，革而當，其悔乃亡。天地革而四時成，湯武革命，順乎天而應乎人，革之時義大矣哉！,
革初,革,,初九：鞏用黃牛之革。,象曰：鞏用黃牛，不可以有為也。,,
革二,革,,六二：己日乃革之，征吉，無咎。,象曰：己日革之，行有嘉也。,,
革三,革,,九三：征凶，貞厲，革言三就，有孚。,象曰：革言三就，又何之矣。,,
革四,革,,九四：悔亡，有孚改命，吉。,象曰：改命之吉，信志也。,,
革五,革,,九五：大人虎變，未占有孚。,象曰：大人虎變，其文炳也。,,
革上,革,,上六：君子豹變，小人革面，征凶，居貞吉。,象曰：君子豹變，其文蔚也。 小人革面，順以從君也。,,
鼎,鼎,,鼎：元吉，亨。,象曰：木上有火，鼎﹔君子以正位凝命。,彖曰：鼎，象也。 以木巽火，亨飪也。 聖人亨以享上帝，而大亨以養聖賢。 巽而耳目聰明，柔進而上行，得中而應乎剛，是以元亨。,
鼎初,鼎,,初六：鼎顛趾，利出否，得妾以其子，無咎。,象曰：鼎顛趾，未悖也。 利出否，以從貴也。,,
鼎二,鼎,,九二：鼎有實，我仇有疾，不我能即，吉。,象曰：鼎有實，慎所之也。 我仇有疾，終無尤也。,,
鼎三,鼎,,九三：鼎耳革，其行塞，雉膏不食，方雨虧悔，終吉。,象曰：鼎耳革，失其義也。,,
鼎四,鼎,,九四：鼎折足，覆公餗，其形渥，凶。,象曰：覆公餗，信如何也。,,
鼎五,鼎,,六五：鼎黃耳金鉉，利貞。,象曰：鼎黃耳，中以為實也。,,
鼎上,鼎,,上九：鼎玉鉉，大吉，無不利。,象曰：玉鉉在上，剛柔節也。,,
震,震,,震：亨。 震來虩虩，笑言啞啞。 震驚百里，不喪匕鬯。,象曰：洊雷，震﹔君子以恐懼修身。,彖曰：震，亨。 震來虩虩，恐致福也。笑言啞啞，后有則也。 震驚百里，驚遠而懼邇也。 出可以守宗廟社稷，以為祭主也。,
震初,震,,初九：震來虩虩，后笑言啞啞，吉。,象曰：震來虩虩，恐致福也。 笑言啞啞，后有則也。,,
震二,震,,六二：震來厲，億喪貝，躋于九陵，勿逐，七日得。,象曰：震來厲，乘剛也。,,
震三,震,,六三：震蘇蘇，震行無眚。,象曰：震蘇蘇，位不當也。,,
震四,震,,九四：震遂泥。,象曰：震遂泥，未光也。,,
震五,震,,六五：震往來厲，億無喪，有事。,象曰：震往來厲，危行也。 其事在中，大無喪也。,,
震上,震,,上六：震索索，視矍矍，征凶。 震不于其躬，于其鄰，無咎。 婚媾有言。,象曰：震索索，未得中也。 雖凶無咎，畏鄰戒也。,,
艮,艮,,艮：艮其背，不獲其身，行其庭，不見其人，無咎。,象曰：兼山，艮﹔君子以思不出其位。,彖曰：艮，止也。 時止則止，時行則行，動靜不失其時，其道光明。 艮其止，止其所也。 上下敵應，不相與也。 是以不獲其身，行其庭不見其人，無咎也。,
艮初,艮,,初六：艮其趾，無咎，利永貞。,象曰：艮其趾，未失正也。,,
艮二,艮,,六二：艮其腓，不拯其隨，其心不快。,象曰：不拯其隨，未退聽也。,,
艮三,艮,,九三：艮其限，列其夤，厲薰心。,象曰：艮其限，危薰心也。,,
艮四,艮,,六四：艮其身，無咎。,象曰：艮其身，止諸躬也。,,
艮五,艮,,六五：艮其輔，言有序，悔亡。,象曰：艮其輔，以中正也。,,
艮上,艮,,上九：敦艮，吉。,象曰：敦艮之吉，以厚終也。,,
漸,漸,,漸：女歸吉，利貞。,象曰：山上有木，漸﹔君子以居賢德，善俗。,彖曰：漸之進也，女歸吉也。 進得位，往有功也。進以正，可以正邦也。其位剛，得中也。 止而巽，動不窮也。,
漸初,漸,,初六：鴻漸于干，小子厲，有言，無咎。,象曰：小子之厲，義無咎也。,,
漸二,漸,,六二：鴻漸于磐，飲食衎衎，吉。,象曰：飲食衎衎，不素飽也。,,
漸三,漸,,九三：鴻漸于陸，夫征不復，婦孕不育，凶﹔利御寇。,象曰：夫征不復，離群丑也。 婦孕不育，失其道也。利用御寇，順相保也。,,
漸四,漸,,六四：鴻漸于木，或得其桷，無咎。,象曰：或得其桷，順以巽也。,,
漸五,漸,,九五：鴻漸于陵，婦三歲不孕，終莫之勝，吉。,象曰：終莫之勝，吉﹔得所愿也。,,
漸上,漸,,上九：鴻漸于逵，其羽可用為儀，吉。,象曰：其羽可用為儀，吉﹔不可亂也。,,
歸妹,歸妹,,歸妹：征凶，無攸利。,象曰：澤上有雷，歸妹﹔君子以永終知敝。,彖曰：歸妹，天地之大義也。天地不交，而萬物不興，歸妹人之終始也。說以動，所歸妹也。 征凶，位不當也。 無攸利，柔乘剛也。,
歸妹初,歸妹,,初九：歸妹以娣，跛能履，征吉。,象曰：歸妹以娣，以恆也。 跛能履吉，相承也。,,
歸妹二,歸妹,,九二：眇能視，利幽人之貞。,象曰：利幽人之貞，未變常也。,,
歸妹三,歸妹,,六三：歸妹以須，反歸以娣。,象曰：歸妹以須，未當也。,,
歸妹四,歸妹,,九四：歸妹愆期，遲歸有時。,象曰：愆期之志，有待而行也。,,
歸妹五,歸妹,,六五：帝乙歸妹，其君之袂，不如其娣之袂良，月几望，吉。,象曰：帝乙歸妹，不如其娣之袂良也。 其位在中，以貴行也。,,
歸妹上,歸妹,,上六：女承筐無實，士刲羊無血，無攸利。,象曰：上六無實，承虛筐也。,,
豐,豐,,豐：亨，王假之，勿憂，宜日中。,象曰：雷電皆至，豐﹔君子以折獄致刑。,彖曰：豐，大也。 明以動，故豐。王假之，尚大也。 勿憂宜日中，宜照天下也。日中則昃，月盈則食，天地盈虛，與時消息，而況人於人乎？況於鬼神乎？,
豐初,豐,,初九：遇其配主，雖旬無咎，往有尚。,象曰：雖旬無咎，過旬災也。,,
豐二,豐,,六二：豐其蔀，日中見斗，往得疑疾，有孚發若，吉。,象曰：有孚發若，信以發志也。,,
豐三,豐,,九三：豐其沛，日中見昧，折其右肱，無咎。,象曰：豐其沛，不可大事也。 折其右肱，終不可用也。,,
豐四,豐,,九四：豐其蔀，日中見斗，遇其夷主，吉。,象曰：豐其蔀，位不當也。 日中見斗，幽不明也。 遇其夷主，吉﹔行也。,,
豐五,豐,,六五：來章，有慶譽，吉。,象曰：六五之吉，有慶也。,,
豐上,豐,,上六：豐其屋，蔀其家，窺其戶，闃ㄑㄩˋ其無人，三歲不見，凶。,象曰：豐其屋，天際翔也。 窺其戶，闃其無人，自藏也。,,
旅,旅,,旅：小亨，旅貞吉。,象曰：山上有火，旅﹔君子以明慎用刑，而不留獄。,彖曰：旅，小亨，柔得中乎外，而順乎剛，止而麗乎明，是以小亨，旅貞吉也。 旅之時義大矣哉！,
旅初,旅,,初六：旅瑣瑣，斯其所取災。,象曰：旅瑣瑣，志窮災也。,,
旅二,旅,,六二：旅即次，懷其資，得童仆貞。,象曰：得童仆貞，終無尤也。,,
旅三,旅,,九三：旅焚其次，喪其童仆，貞厲。,象曰：旅焚其次，亦以傷矣。 以旅與下，其義喪也。,,
旅四,旅,,九四：旅于處，得其資斧，我心不快。,象曰：旅于處，未得位也。 得其資斧，心未快也。,,
旅五,旅,,六五：射雉一矢亡，終以譽命。,象曰：終以譽命，上逮也。,,
旅上,旅,,上九：鳥焚其巢，旅人先笑后號啕。 喪牛于易，凶。,象曰：以旅在上，其義焚也。 喪牛于易，終莫之聞也。,,
巽,巽,,巽：小亨，利攸往，利見大人。,象曰：隨風，巽﹔君子以申命行事。,彖曰：重巽以申命，剛巽乎中正而志行。柔皆順乎剛，是以小亨，利有攸往，利見大人。,
巽初,巽,,初六：進退，利武人之貞。,象曰：進退，志疑也。 利武人之貞，志治也。,,
巽二,巽,,九二：巽在床下，用史巫紛若，吉無咎。,象曰：紛若之吉，得中也。,,
巽三,巽,,九三：頻巽，吝。,象曰：頻巽之吝，志窮也。,,
巽四,巽,,六四：悔亡，田獲三品。,象曰：田獲三品，有功也。,,
巽五,巽,,九五：貞吉悔亡，無不利。 無初有終，先庚三日，后庚三日，吉。,象曰：九五之吉，位正中也。,,
巽上,巽,,上九：巽在床下，喪其資斧，貞凶。,象曰：巽在床下，上窮也。 喪其資斧，正乎凶也。,,
兌,兌,,兌：亨，利貞。,象曰：麗澤，兌﹔君子以朋友講習。,彖曰：兌，說也。 剛中而柔外，說以利貞，是以順乎天，而應乎人。 說以先民，民忘其勞﹔說以犯難，民忘其死﹔說之大，民勸矣哉！,
兌初,兌,,初九：和兌，吉。,象曰：和兌之吉，行未疑也。,,
兌二,兌,,九二：孚兌，吉，悔亡。,象曰：孚兌之吉，信志也。,,
兌三,兌,,六三：來兌，凶。,象曰：來兌之凶，位不當也。,,
兌四,兌,,九四：商兌，未寧，介疾有喜。,象曰：九四之喜，有慶也。,,
兌五,兌,,九五：孚于剝，有厲。,象曰：孚于剝，位正當也。,,
兌上,兌,,上六：引兌。,象曰：上六引兌，未光也。,,
渙,渙,,渙：亨。 王假有廟，利涉大川，利貞。,象曰：風行水上，渙﹔先王以享于帝立廟。,彖曰：渙，亨。 剛來而不窮，柔得位乎外而上同。 王假有廟，王乃在中也。 利涉大川，乘木有功也。,
渙初,渙,,初六：用拯馬壯，吉。,象曰：初六之吉，順也。,,
渙二,渙,,九二：渙奔其機，悔亡。,象曰：渙奔其機，得愿也。,,
渙三,渙,,六三：渙其躬，無悔。,象曰：渙其躬，志在外也。,,
渙四,渙,,六四：渙其群，元吉。 渙有丘，匪夷所思。,象曰：渙其群，元吉﹔光大也。,,
渙五,渙,,九五：渙汗其大號，渙王居，無咎。,象曰：王居無咎，正位也。,,
渙上,渙,,上九：渙其血，去逖出，無咎。,象曰：渙其血，遠害也。,,
節,水澤節,䷻,節：亨。 苦節不可貞。,象曰：澤上有水，節﹔君子以制數度，議德行。,彖曰：節，亨，剛柔分，而剛得中。苦節不可貞，其道窮也。說以行險，當位以節，中正以通。 天地節而四時成，節以制度，不傷財，不害民。,"節。亨。苦節不可貞。

【白話】
節卦。通達。苦澀的節制不能正固。

【解讀】
• 節卦是下兌上坎，亦即“水澤節”。《序卦》說：“物不可以終
離，故受之以節。”一直離散下去，並不適宜，所以接著要談節
卦。節有節制、制止之意。《雜卦》說：“節，止也。”

• 節卦與渙卦為正覆關係，所以論其來源，是由泰卦（䷊，第十
一卦）變來，亦即泰卦九三與六五換位，形成節卦（䷻）。雖然
卦辭說泰卦“吉亨”，但是若是保持不動，則依然天地無法交流。
勉強保持不動，就是“苦節”（“苦”有過度而苦之意），“不可
貞”。由卦象看來，節卦下兌上坎是“澤上有水”，澤的容量有
限，必須有所節制。

《彖》日：節，亨。剛柔分而剛得中。苦節不可貞，其道窮也。
說以行險，當位以節，中正以通。天地節而四時成。
節以制度，不傷財，不害民。

【白話】
《彖傳》說：節卦，通達。剛強者與柔順者分開，並且剛強者取得
中位。苦澀的節制不能正固，是因為路已經走到盡頭。喜悅而去冒險犯
難，位置適當而能節制，居中守正才可通順。天地有節制，四季才會形
成。用制度來節制，就不會浪費錢財，也不會禍害百姓。
【解讀】
•  泰卦下乾上坤，陰陽二組力量壁壘分明，一變而為節卦，則陰
爻陽爻得到交錯機會，並且九五與九二皆為陽爻，這就是“剛
柔分而剛得中”。如果泰卦不變，則成為“苦節”，一切停滯下
來，前無去路，所以說“不可貞”。
•  節卦下兌上坎，坎為險，兌為悅，亦即“說以行險”，意思是：
節制並非完全避開挑戰，而是要在喜悅時才可冒險。得位時能
夠節制，才可做到“中正以通”。就自然界而言，天地的運行有
其節制，四季才會依序出現。就人間世而言，則須以制度來規
範，才不至於耗費金錢與傷害百姓。

《象》日：澤上有水，節。君子以制數度，議德行。

【白話】
《象傳》說：沼澤上有水，這就是節卦。君子由此領悟，要制定數量
上的限度，評議道德上的行為表現。

【解讀】
•  節卦是下兌上坎，坎為水，兌為澤，是為“澤上有水”。澤的
容量是固定的，少則聚積，多則流瀉，顯示某種節制。

•  君子照顧百姓的生活所需，要“制數度”，並且為了提升社會
風氣，要“議德行”。程頤說：“君子觀節之象，以制立數度，凡
物之大小輕重高下文質，皆有數度；所以為節也，數多寡，度
法制。議德行者，存諸中為德，發於外為行，人之德行，當義
則中節。議謂適度求中節也。”《中庸》首章所推崇的中和，所
強調的是：“喜怒哀樂之未發謂之中，發而皆中節謂之和。”
"
節初,節,,初九：不出戶庭，無咎。,象曰：不出戶庭，知通塞也。,,"初九。不出戶庭，無咎。
《象》曰：不出戶庭，知通塞也。

【白話】
初九。不離開門戶與庭院，沒有災難。
《象傳》說：不離開門戶與庭院，是因為知道通達與閉塞。

【解讀】
• 在泰卦變為節卦的過程中，初九與其正應六四不受影響。現在
處於節卦，理當有所節制，而初九知道自己的通（有正應）與
塞（要收斂），所以“不出戶庭”。

• 節卦出現互艮（六三、六四、九五），艮為門闕，又為止，初九距
門闕還有兩步，所以要“不出戶庭”，如此能有分寸，可以“無咎”。

•《繫辭上》談到這句爻辭，說：“子曰：‘亂之所生也，則言語
以為階。君不密則失臣，臣不密則失身，幾事不密則害成，是
以君子縝密而不出也。’”"
節二,節,,九二：不出門庭，凶。,象曰：不出門庭，失時極也。,,"九二。不出門庭，兇。
《象》曰：不出門庭兇，失時極也。

【白話】
九二。不走出門戶與庭院，有兇禍。
《象傳》說：不走出門戶與庭院，會有兇禍，是因為過度錯過了時機。

【解讀】
• 九二與初九一樣，在節卦的互艮之下，但是九二自身已進人互震
（九二、六三、六四）中，震為行，所以“不出門庭”反而是“兇”。

• 九二以陽爻居下卦中位，在卦變過程中當行而未行，以致從原
來的有應變成無應，甚至為六三所乘，所以說“失時極也”。“極”
為過度，為極端，在本卦中則是錯失了節度。"
節三,節,,六三：不節若，則嗟若，無咎。,象曰：不節之嗟，又誰咎也。,,"六三。不節若，則嗟若，無咎。
《象》曰：不節之嗟，又誰咎也？

【白話】
六三。沒有節制的樣子，就會出現悲嘆的樣子，沒有責難。
《象傳》說：沒有節制的悲嘆，又能責難誰呢？

【解讀】
• 泰卦六五居上卦之中，又有九二正應，現在成為節卦的六三，
位置不中不正，又無正應，這都是“不節若”造成的。

• 六三在下卦兌中，兌為口，所以說“則嗟若”。“無咎”的“咎”
在此為責難、責怪的意思，這一切都是自己造成的，所以說“又
誰咎也”。"
節四,節,,六四：安節，亨。,象曰：安節之亨，承上道也。,,"六四。安節，亨。
《象》日：安節之亨，承上道也。

【白話】
六四。安定的節制，通達。
《象傳》說：安定的節制之所以通達，是因為順承上位者的正道。

【解讀】
• 六四在卦變時未動，卦變之後在互艮（六三、六四、九五）中，
艮止，所以是“安節”。

• 六四以陰爻居柔位，下有初九正應，現在又能順承居中守正的
九五，亦即“承上道也”，所以說“亨”。"
節五,節,,九五：甘節，吉﹔往有尚。,象曰：甘節之吉，居位中也。,,"九五。甘節，吉，往有尚。
《象》曰：甘節之吉，居位中也。

【白話】
九五。甘美的節制，吉祥，前往受到推崇。
《象傳》說：甘美的節制之所以吉祥，是因為處於中位。

【解讀】
• 九五在卦變時，由泰卦九三上來，取得泰卦上卦坤的中位；坤
為土，依《尚書•洪範》所言，“土愛稼穡”，而“稼穡作甘”，
所以九五是“甘節”。九五由下卦上來而取得尊位，是“往有尚”。

• 九五之“吉”，在彖辭已經談到，就是“當位以節，中正以通”，
總之則是“居位中也”。"
節上,節,,上六：苦節，貞凶，悔亡。,象曰：苦節貞凶，其道窮也。,,"上六。苦節，貞兇，悔亡。
《象》曰：苦節貞兇，其道窮也。

【白話】
上六。苦澀的節制，正固會有兇禍，懊惱消失。
《象傳》說：苦澀的節制，正固會有兇禍，是因為路已經走到盡頭。

【解讀】
• 上六在泰卦中，原與九三正應，泰卦九三與六五換位形成節卦，
使上六失去正應。上六現在處於上卦坎中，坎為險，為苦難，所
以上六的節制是“苦節”。因為正固而陷人苦澀的處境，所以說
“貞兇”。

• 上六已至全卦終位，前無去路，“其道窮也”。不過，以陰爻居
柔位，仍有柔順之德，可以隨從九五中位，而得以 “悔亡”。"
中孚,風澤中孚,䷼,中孚：豚魚吉，利涉大川，利貞。,象曰：澤上有風，中孚﹔君子以議獄緩死。,彖曰：中孚，柔在內而剛得中。 說而巽，孚，乃化邦也。 豚魚吉，信及豚魚也。 利涉大川，乘木舟虛也。 中孚以利貞，乃應乎天也。,"中孚。豚魚，吉。利涉大川，利貞。

【白話】
中孚卦。豬與魚出現，吉祥。適宜渡過大河，適宜正固。

【解讀】
• 中孚卦是下兌上巽，亦即“風澤中孚”。《序卦》說：“節而信
之，故受之以中孚。”有所節制，才可取信於人，所以接著要探
討的是中孚卦。《雜卦》說：“中孚，信也。”符節在古代為信物，
由卦象看，上下二卦搭配合宜，若合符節，可作為憑信。“中”
指內心，所以“中孚”為內心誠信。

• 關於“豚魚”，程頤說：“豚躁魚冥，物之難感者也。孚信能
感於豚魚，則無不至矣，所以吉也。”若由卦象找根據，則涉
及兩度卦變，虞翻之說可供參考。他指出：“訟四之初也。”亦
即訟卦（䷅，第六卦）的九四與初六換位而成中孚卦（ ䷼）。但
是卦變多從十二訊息卦產生，所以他又說：“此當從四陽二陰
之例，遁陰未及三，而大壯陽已至四，故從訟來。”結論則是
要先由遁卦（䷠，第三十三卦）變為訟卦，再由訟卦變為中孚
卦。他如此解釋的用意，是要找出“豚魚”的出處：遁卦有互
巽（六二、九三、九四），巽為魚，而訟卦有下坎，坎為豕。遁
變為訟，訟再變為中孚，所以說“豚魚，吉”。由此一例，可
知歷代學者研究《易經》所費之心力。

• 中孚卦下兌上巽，巽為木，引申為木舟，兌為澤，木舟可行於
澤上，所以說“利涉大川”。九五與九二皆為陽爻居中位，所以
說“利貞”。

《彖》日：中孚，柔在內而剛得中。說而巽，孚乃化邦也。豚魚吉，信
及豚魚也。利涉大川，乘木舟虛也。中孚以利貞，乃應乎天也。

【白話】
《彖傳》說：中孚卦，柔順者在內而剛強者取得中位。喜悅而隨順，
誠信才可感化邦國。豬與魚吉祥，是說誠信及於豬與魚。適宜渡過大河，
是說乘坐木船還有空位。內心誠信而適宜正固，則是順應天之道。

【解讀】
• 中孚卦是下兌上巽，卦象為上下四個陽爻居外，中間兩個陰爻，
並且陽爻佔有五、二中位，亦即“柔在內而剛得中”。下兌為悅，
上巽為隨順，有如百姓喜悅而君上隨順，誠信到這種地步，才
可化民成俗，邦國大治。

• 程頤說：“內外皆實而中虛，為中孚之象。又二五皆陽，中實，
亦為孚義。在二體則中實，在全體則中虛。中虛，信之本；中
實，信之質。”講求誠信，必須態度謙虛，才可尊重別人；同時
要腳踏實地，做到言出必行。

• “信及豚魚也”，表示精誠所至，金石為開，自然可以感動百
姓。“乘木舟虛也”，則指涉全卦中間兩個陰爻，虛位以待。然
後，能夠誠信而正固，就合乎天地運行的恆久法則了。

《象》曰：澤上有風，中孚。君子以議獄緩死。

【白話】
《象傳》說：沼澤上有風在吹，這就是中孚卦。君子由此領悟，要認
真討論訟案，緩慢判決死刑。

【解讀】
• 中孚卦是下兌上巽，巽為風，兌為澤，所以說“澤上有風”。風
有如政教命令，澤有如施恩於民 既要維持綱紀，又要照顧百姓。

• 君子所能做的是“議獄緩死”，在追求社會正義時，不忘同情
體諒罪犯。"
中孚初,中孚,,初九：虞吉，有他不燕。,象曰：初九虞吉，志未變也。,,"初九。虞吉，有它不燕。
《象》曰：初九虞吉，志未變也。

【白話】
初九。可預料就吉祥，有其他狀況則不安。
《象傳》說：初九可預料就吉祥，是因為心意並未改變。

【解讀】
• “虞”為預料、猜測。古代有虞官，擔任王公貴族打獵時的嚮導。
初九居中孚卦初位，上有六四正應，所作所為可以預料，猶如前
有嚮導，不會迷路，所以“吉”。這也是初九“志未變也”的表現。

• “燕”為安寧，“它”為其他。初九在下卦兌中，兌為澤，它
又上臨互震（九二、六三、六四），震為雷，有雷入澤之象，應
該沉寂安定，所以說“有它不燕”。"
中孚二,中孚,,九二：鳴鶴在陰，其子和之，我有好爵，吾與爾靡之。,象曰：其子和之，中心愿也。,,"九二。鶴鳴在陰，其子和之。我有好爵，吾與爾靡之。
《象》曰：其子和之，中心願也。

【白話】
九二。大鶴在樹蔭下啼叫，它的小鶴啼叫應和。我有美酒一罐，我要
與你共享。
《象傳》說：它的小鶴啼叫應和，是發自內心的願望。

【解讀】
• 九二以陽爻居中位，剛實居中，顯示誠信之至。自然界中，鶴
在山林棲息，親子以鳴呼應，既屬本能之所為，也有全心的信賴。
在人間世，朋友志同道合，願意分享一切。“爵”為酒杯，引申
為酒。“靡”為共，引申共享。朋友共品美酒，貴在心意相通。

•《繫辭上》引述孔子對這句爻辭的評述說：“君子居其室，出
其言善，則千里之外應之，況其邇者乎？居其室，出其言不善，
則千里之外違之，況其邇者乎？言出乎身，加乎民；行發乎邇，
見乎遠。言行，君子之樞機。樞機之發，榮辱之主也。言行，君
子之所以動天地也，可不慎乎？”"
中孚三,中孚,,六三：得敵，或鼓或罷，或泣或歌。,象曰：可鼓或罷，位不當也。,,"六三。得敵，或鼓或罷，或泣或歌。
《象》日：或鼓或罷，位不當也。

【白話】
六三。遇到對手，或擊鼓或休兵，或哭泣或唱歌。
《象傳》說：或擊鼓或休兵，是因為位置不恰當。

【解讀】
• 六三在下卦終位，面臨上卦，可謂棋逢敵手。六三在互震（九
二、六三、六四）中，震為雷，引申為擊鼓作戰；又在互艮（六
三、六四、九五）中，艮為止，引申為休兵罷戰；六三在下卦
兌中，兌為口，為悅，引申為唱歌；它又面臨上巽，巽為風，為
號，引申為哭泣，於是形成爻辭的一段生動描寫。

•六三之種種猶疑狀態，來自它的不中不正之位。"
中孚四,中孚,,六四：月几望，馬匹亡，無咎。,象曰：馬匹亡，絕類上也。,,"六四。月既望，馬匹亡，無咎。
《象》曰：馬匹亡，絕類上也。

【白話】
六四。月亮已經滿盈，馬匹丟失，沒有災難。
《象傳》說：馬匹丟失，是因為離開同類往上走。


【解讀】
• “月既望”，王弼本作“月幾望”，而帛書本則作“月既望”。六
四已到上卦巽，巽為農曆十六以後的月亮。如此取象系根據納甲
之說：每月三日為震，八日為兌，十五日為乾（月盈），十六日
為巽，二十三日為艮，三十日為坤（月虛），以此描寫月之盈虛。

• 中孚卦由遁卦變來，遁卦上卦乾，乾為馬；現在六四進入上卦，
使乾卦消失，所以說“馬匹亡”。

• “月既望”與“馬匹亡”都不是美好的事，而六四可以“無咎”，
原因在於六四自己陰爻居柔位，足以取信於人；並且離開原本
在下卦的同類，往上順承九五之君。"
中孚五,中孚,,九五：有孚攣如，無咎。,象曰：有孚攣如，位正當也。,,"九五。有孚攣如，無咎。
《象》曰：有孚攣如，位正當也。

【白話】
九五。有誠信而繫念著，沒有災難。
《象傳》說：有誠信而繫念著，是因為位置正確而恰當。

【解讀】
• 九五居中正之位，為全卦核心。“攣”為捲曲抽緊、繫念於心。
九五在上卦巽中，巽為繩，又在互艮（六三、六四、九五）中，
艮手，合之則為以手繫繩以連線各爻。

• 九五的誠信不容置疑，但與九二不應，所以只可說是“無咎”。
並且，真正的誠信不能全靠有形的力量來固結。"
中孚上,中孚,,上九：翰音登于天，貞凶。,象曰：翰音登于天，何可長也。,,"上九。翰音登於天，貞兇。
《象》曰：翰音登於天，何可長也？

【白話】
上九。雞啼的聲音傳升到天上，正固會有兇禍。
《象傳》說：雞啼的聲音傳升到天上，怎麼可能長久？

【解讀】
•《禮記•曲禮下》：“凡祭宗廟之禮，牛曰一元大武.....雞曰翰
音…”祭祀時特別稱雞為“翰音”，以示其音質之美，所以“翰
音”為雞啼的聲音。上九在上卦巽中，巽為雞；它與六三正應，
六三在下兌中，兌為口，合之則有雞鳴之象。

• 上九位居全卦終位，又不懼聲名太大，而未覺察前無去路，“何
可長也？”所以說“貞兇”。"
小過,小過,,小過：亨，利貞，可小事，不可大事。飛鳥遺之音，不宜上宜下，大吉。,象曰：山上有雷，小過﹔君子以行過乎恭，喪過乎哀，用過乎儉。,彖曰：小過，小者過而亨也。 過以利貞，與時行也。 柔得中，是以小事吉也。 剛失位而不中，是以不可大事也。 有飛鳥之象焉，有飛鳥遺之音，不宜上宜下，大吉﹔上逆而下順也。,
小過初,小過,,初六：飛鳥以凶。,象曰：飛鳥以凶，不可如何也。,,
小過二,小過,,六二：過其祖，遇其妣﹔不及其君，遇其臣﹔無咎。,象曰：不及其君，臣不可過也。,,
小過三,小過,,九三：弗過防之，從或戕之，凶。,象曰：從或戕之，凶如何也。,,
小過四,小過,,九四：無咎，弗過遇之。 往厲必戒，勿用永貞。,象曰：弗過遇之，位不當也。 往厲必戒，終不可長也。,,
小過五,小過,,六五：密云不雨，自我西郊，公弋取彼在穴。,象曰：密云不雨，已上也。,,
小過上,小過,,上六：弗遇過之，飛鳥離之，凶，是謂災眚。,象曰：弗遇過之，已亢也。,,
既濟,既濟,,既濟：亨，小利貞，初吉終亂。,象曰：水在火上，既濟﹔君子以思患而預防之。,彖曰：既濟，亨，小者亨也。利貞，剛柔正而位當也。 初吉，柔得中也。終止則亂，其道窮也。,
既濟初,既濟,,初九：曳其輪，濡其尾，無咎。,象曰：曳其輪， 義無咎也。,,
既濟二,既濟,,六二：婦喪其茀，勿逐，七日得。,象曰：七日得，以中道也。,,
既濟三,既濟,,九三：高宗伐鬼方，三年克之，小人勿用。,象曰：三年克之，憊也。,,
既濟四,既濟,,六四：儒有衣袽，終日戒。,象曰：終日戒，有所疑也。,,
既濟五,既濟,,九五：東鄰殺牛，不如西鄰之禴祭，實受其福。,象曰：東鄰殺牛，不如西鄰之時也﹔實受其福，吉大來也。,,
既濟上,既濟,,上六：濡其首，厲。,象曰：濡其首厲，何可久也。,,
未濟,未濟,,未濟：亨，小狐汔濟，濡其尾，無攸利。,象曰：火在水上，未濟﹔君子以慎辨物居方。,彖曰：未濟，亨﹔柔得中也。 小狐汔濟，未出中也。 濡其尾，無攸利﹔不續終也。 雖不當位，剛柔應也。,
未濟初,未濟,,初六：濡其尾，吝。,象曰：濡其尾，亦不知極也。,,
未濟二,未濟,,九二：曳其輪，貞吉。,象曰：九二貞吉，中以行正也。,,
未濟三,未濟,,六三：未濟，征凶，利涉大川。,象曰：未濟征凶，位不當也。,,
未濟四,未濟,,九四：貞吉，悔亡，震用伐鬼方，三年有賞于大國。,象曰：貞吉悔亡，志行也。,,
未濟五,未濟,,六五：貞吉，無悔，君子之光，有孚，吉。,象曰：君子之光，其暉吉也。,,
未濟上,未濟,,上九：有孚于飲酒，無咎，濡其首，有孚失是。,象曰：飲酒濡首，亦不知節也。,,